Metro Taco,"10350 Bandera Rd #310, San Antonio, TX 78250",4.5
Pollos Asados los Nortenos ,4822 Walzem road,4.7
Hon Machi Korean BBQ,19186 Blanco Rd # 103,4.1
HuHot,12710 W I-10,4.2
Cerveceria Chapultepec,"906 E Elmira St, San Antonio, TX 78212",4.1
Teddy B's,"6392 Babcock Rd, San Antonio, TX 78240",4.6
Cuishe Cocina Mexicana,115 N Loop 1604 E #1108,4.6
Restaurante EL D.F.,"4119 Culebra Rd, San Antonio, TX 78228",4.3
La Barca De Jalisco,"606 Steves Ave, San Antonio, TX 78210",4.5
China Bistro,"6387 Babcock Rd, San Antonio, TX 78240",4.1
Wayne's Wings,"4453 Walzem Rd, San Antonio, TX 78218",4.4
Flaming Bird By H-E-B,"9238 N Loop 1604 W, San Antonio, TX 78249",4.1
Yard House ,15900 La Cantera Pkwy,4.4
Taqueria Aguas Calientes,15409 White Fawn Dr,4
Palenque Grill La Cantera,"15900 La Cantera Pkwy Suite #25100, San Antonio, TX 78256",4.4